{
  "Total" : {
    "transaction" : "Total",
    "sampleCount" : 166733,
    "errorCount" : 0,
    "errorPct" : 0.0,
    "meanResTime" : 162.0321951863127,
    "medianResTime" : 185.0,
    "minResTime" : 0.0,
    "maxResTime" : 1647.0,
    "pct1ResTime" : 331.0,
    "pct2ResTime" : 489.0,
    "pct3ResTime" : 695.9900000000016,
    "throughput" : 555.0569428307961,
    "receivedKBytesPerSec" : 1264.0999657423374,
    "sentKBytesPerSec" : 66.12983107945031
  },
  "HTTP Request" : {
    "transaction" : "HTTP Request",
    "sampleCount" : 166733,
    "errorCount" : 0,
    "errorPct" : 0.0,
    "meanResTime" : 162.0321951863127,
    "medianResTime" : 185.0,
    "minResTime" : 0.0,
    "maxResTime" : 1647.0,
    "pct1ResTime" : 331.0,
    "pct2ResTime" : 489.0,
    "pct3ResTime" : 695.9900000000016,
    "throughput" : 555.0569428307961,
    "receivedKBytesPerSec" : 1264.0999657423374,
    "sentKBytesPerSec" : 66.12983107945031
  }
}